"Labour Force Status by Sex: Seasonally Adjusted (Qrtly-Mar/Jun/Sep/Dec)","","","","","","","","","","","","","","","","","","","","","","","",""
"","Male","","","","","","","","Female","","","","","","","","Total Both Sexes","","","","","","",""
" ","Persons Employed in Labour Force","Persons Unemployed in Labour Force","Not in Labour Force","Working Age Population","Labour Force Participation Rate","Unemployment Rate","Employment Rate","Total Labour Force","Persons Employed in Labour Force","Persons Unemployed in Labour Force","Not in Labour Force","Working Age Population","Labour Force Participation Rate","Unemployment Rate","Employment Rate","Total Labour Force","Persons Employed in Labour Force","Persons Unemployed in Labour Force","Not in Labour Force","Working Age Population","Labour Force Participation Rate","Unemployment Rate","Employment Rate","Total Labour Force"
"1986Q1",950,36,245,1230,80.1,3.7,77.2,986,674,35,588,1296,54.7,5.0,52.0,709,1623,71,832,2527,67.1,4.2,64.2,1695
"1986Q2",948,35,251,1234,79.7,3.6,76.8,983,673,34,590,1298,54.5,4.9,51.9,708,1621,70,841,2532,66.8,4.1,64.0,1691
"1986Q3",943,35,256,1235,79.3,3.6,76.4,979,677,35,589,1301,54.8,4.9,52.1,712,1621,70,845,2536,66.7,4.2,63.9,1691
"1986Q4",932,37,264,1233,78.6,3.8,75.6,969,677,34,592,1303,54.6,4.8,51.9,711,1609,72,856,2536,66.3,4.3,63.4,1680
"1987Q1",942,37,259,1238,79.1,3.8,76.1,979,685,33,591,1308,54.8,4.5,52.3,717,1627,69,850,2546,66.6,4.1,63.9,1696
"1987Q2",937,39,267,1243,78.6,4.0,75.4,976,687,32,592,1311,54.8,4.5,52.4,719,1624,71,858,2554,66.4,4.2,63.6,1695
"1987Q3",938,40,267,1245,78.6,4.1,75.3,978,689,31,595,1314,54.7,4.3,52.4,719,1627,71,862,2560,66.3,4.2,63.6,1698
"1987Q4",926,42,276,1244,77.8,4.4,74.4,968,691,32,592,1316,55.0,4.4,52.5,723,1617,74,869,2560,66.1,4.4,63.2,1691
"1988Q1",912,48,288,1248,76.9,5.0,73.1,960,685,36,600,1320,54.6,4.9,51.9,720,1597,83,888,2568,65.4,5.0,62.2,1680
"1988Q2",902,52,296,1251,76.3,5.4,72.2,954,678,40,604,1321,54.3,5.5,51.3,717,1580,92,900,2572,65.0,5.5,61.5,1672
"1988Q3",886,60,305,1251,75.6,6.3,70.8,946,671,46,607,1324,54.2,6.5,50.7,717,1557,106,912,2575,64.6,6.4,60.5,1663
"1988Q4",883,63,305,1251,75.6,6.7,70.6,946,670,42,613,1324,53.7,5.8,50.6,711,1553,105,918,2575,64.4,6.3,60.3,1657
"1989Q1",876,69,307,1252,75.4,7.3,70.0,945,657,48,621,1327,53.2,6.8,49.6,706,1533,117,929,2579,64.0,7.1,59.5,1650
"1989Q2",867,73,314,1254,74.9,7.7,69.1,939,650,50,628,1328,52.7,7.1,48.9,700,1517,123,943,2582,63.5,7.5,58.7,1639
"1989Q3",866,71,319,1256,74.6,7.6,69.0,937,654,50,627,1331,52.9,7.1,49.1,704,1520,121,945,2586,63.4,7.4,58.8,1641
"1989Q4",868,68,322,1257,74.4,7.2,69.0,936,657,52,625,1334,53.2,7.4,49.2,709,1525,120,946,2591,63.5,7.3,58.8,1644
"1990Q1",866,70,326,1262,74.2,7.4,68.6,936,666,49,623,1338,53.5,6.9,49.8,715,1533,119,949,2600,63.5,7.2,58.9,1651
"1990Q2",865,79,322,1266,74.5,8.3,68.3,944,678,50,614,1342,54.3,6.8,50.6,728,1543,128,936,2608,64.1,7.7,59.2,1672
"1990Q3",864,79,327,1271,74.3,8.4,68.0,944,672,56,618,1346,54.1,7.7,49.9,728,1536,135,945,2617,63.9,8.1,58.7,1671
"1990Q4",858,89,327,1274,74.3,9.4,67.4,947,669,61,620,1350,54.1,8.4,49.5,730,1527,150,947,2624,63.9,8.9,58.2,1677
"1991Q1",850,97,332,1278,74.0,10.2,66.5,946,669,68,616,1354,54.5,9.3,49.4,737,1519,165,948,2632,64.0,9.8,57.7,1684
"1991Q2",845,104,334,1283,73.9,10.9,65.9,948,668,73,618,1360,54.5,9.9,49.2,742,1513,177,953,2643,64.0,10.5,57.3,1690
"1991Q3",840,113,335,1288,74.0,11.9,65.2,953,666,76,623,1364,54.4,10.3,48.8,742,1505,189,957,2652,63.9,11.2,56.8,1695
"1991Q4",836,115,340,1291,73.6,12.1,64.7,951,664,71,632,1367,53.8,9.7,48.6,735,1499,186,972,2658,63.4,11.0,56.4,1686
"1992Q1",843,111,339,1294,73.8,11.7,65.2,954,666,74,628,1368,54.1,10.1,48.6,740,1508,186,968,2662,63.6,11.0,56.7,1694
"1992Q2",844,108,346,1298,73.3,11.3,65.0,952,673,70,631,1374,54.1,9.4,49.0,743,1518,177,977,2672,63.4,10.5,56.8,1695
"1992Q3",843,109,351,1303,73.0,11.4,64.7,951,668,71,638,1378,53.7,9.6,48.5,739,1511,179,990,2680,63.1,10.6,56.4,1690
"1992Q4",844,106,355,1306,72.8,11.2,64.6,951,674,74,632,1380,54.2,9.9,48.8,748,1518,180,988,2686,63.2,10.6,56.5,1699
"1993Q1",851,104,353,1309,73.0,10.9,65.1,956,675,67,642,1383,53.6,9.0,48.8,741,1526,171,995,2692,63.0,10.1,56.7,1697
"1993Q2",859,103,350,1313,73.3,10.7,65.5,963,675,71,643,1389,53.7,9.5,48.6,746,1535,174,993,2701,63.2,10.2,56.8,1708
"1993Q3",864,97,357,1318,72.9,10.1,65.6,961,688,67,639,1393,54.2,8.8,49.4,754,1552,164,995,2711,63.3,9.5,57.2,1716
"1993Q4",874,98,350,1322,73.5,10.1,66.1,972,692,65,640,1397,54.2,8.6,49.6,757,1566,163,989,2719,63.6,9.4,57.6,1729
"1994Q1",879,95,352,1326,73.4,9.7,66.3,974,703,68,631,1401,55.0,8.8,50.2,770,1582,162,983,2728,64.0,9.3,58.0,1744
"1994Q2",891,89,350,1330,73.7,9.1,67.0,980,708,60,638,1407,54.6,7.8,50.3,768,1599,149,988,2737,63.9,8.5,58.4,1749
"1994Q3",904,83,350,1337,73.8,8.4,67.6,986,717,58,637,1412,54.9,7.4,50.8,774,1620,140,988,2748,64.1,8.0,59.0,1761
"1994Q4",911,78,352,1341,73.8,7.9,67.9,989,732,57,628,1417,55.7,7.2,51.7,789,1643,135,979,2758,64.5,7.6,59.6,1778
"1995Q1",927,69,351,1347,73.9,7.0,68.8,996,735,52,636,1423,55.3,6.6,51.7,787,1662,121,987,2770,64.4,6.8,60.0,1783
"1995Q2",936,63,352,1351,73.9,6.3,69.3,999,743,52,633,1427,55.7,6.5,52.0,794,1678,115,985,2778,64.5,6.4,60.4,1793
"1995Q3",944,63,351,1358,74.2,6.3,69.5,1007,751,49,631,1432,55.9,6.2,52.5,801,1695,113,982,2789,64.8,6.2,60.8,1808
"1995Q4",952,64,348,1363,74.5,6.3,69.8,1016,757,54,628,1439,56.3,6.6,52.6,811,1709,117,976,2802,65.2,6.4,61.0,1827
"1996Q1",955,66,350,1370,74.5,6.4,69.7,1020,767,51,627,1445,56.6,6.3,53.1,819,1722,117,977,2816,65.3,6.4,61.2,1839
"1996Q2",960,62,354,1375,74.3,6.0,69.8,1021,780,53,617,1450,57.5,6.3,53.8,833,1740,114,971,2825,65.6,6.2,61.6,1854
"1996Q3",966,65,349,1381,74.7,6.3,70.0,1032,787,56,612,1455,57.9,6.6,54.1,843,1754,121,961,2836,66.1,6.5,61.8,1875
"1996Q4",965,67,354,1386,74.5,6.5,69.7,1032,779,49,634,1462,56.6,5.9,53.3,828,1744,116,988,2848,65.3,6.2,61.2,1860
"1997Q1",964,67,360,1391,74.1,6.5,69.3,1031,781,58,628,1467,57.2,6.9,53.2,839,1745,125,988,2858,65.4,6.7,61.1,1870
"1997Q2",968,72,355,1395,74.5,6.9,69.4,1039,786,56,629,1472,57.2,6.6,53.4,842,1754,127,985,2866,65.6,6.8,61.2,1881
"1997Q3",968,72,359,1398,74.3,6.9,69.2,1039,784,60,632,1476,57.2,7.1,53.1,844,1752,132,990,2874,65.5,7.0,61.0,1883
"1997Q4",966,74,361,1401,74.2,7.1,69.0,1040,783,57,642,1482,56.7,6.8,52.8,840,1750,131,1002,2883,65.2,7.0,60.7,1881
"1998Q1",962,77,364,1404,74.0,7.4,68.6,1039,783,63,638,1484,57.0,7.4,52.8,845,1745,139,1003,2887,65.3,7.4,60.4,1885
"1998Q2",956,82,368,1406,73.9,7.9,68.0,1039,781,66,640,1487,57.0,7.8,52.5,847,1738,149,1008,2894,65.2,7.9,60.0,1886
"1998Q3",951,83,375,1408,73.4,8.0,67.5,1034,787,62,642,1491,56.9,7.3,52.7,849,1737,145,1017,2900,64.9,7.7,59.9,1882
"1998Q4",948,82,381,1411,73.0,8.0,67.2,1030,786,67,644,1497,57.0,7.9,52.5,853,1734,150,1024,2908,64.8,7.9,59.6,1883
"1999Q1",954,82,375,1411,73.4,8.0,67.6,1036,799,59,639,1497,57.3,6.9,53.3,858,1752,142,1014,2908,65.1,7.5,60.3,1894
"1999Q2",958,79,376,1414,73.4,7.6,67.8,1037,801,59,640,1500,57.3,6.9,53.4,860,1758,138,1017,2913,65.1,7.3,60.4,1897
"1999Q3",963,75,378,1416,73.3,7.2,68.0,1038,803,57,644,1503,57.2,6.6,53.4,860,1766,132,1021,2919,65.0,7.0,60.5,1898
"1999Q4",977,67,374,1418,73.6,6.4,68.9,1044,809,55,644,1508,57.3,6.4,53.6,864,1786,122,1018,2927,65.2,6.4,61.0,1908
"2000Q1",974,68,377,1419,73.4,6.5,68.6,1042,811,55,645,1510,57.3,6.4,53.7,866,1784,123,1022,2929,65.1,6.5,60.9,1908
"2000Q2",977,66,380,1422,73.3,6.3,68.7,1042,807,54,651,1513,57.0,6.3,53.4,862,1784,120,1031,2935,64.9,6.3,60.8,1904
"2000Q3",984,65,375,1424,73.6,6.2,69.1,1049,822,50,644,1516,57.5,5.7,54.2,872,1806,116,1019,2941,65.3,6.0,61.4,1921
"2000Q4",991,63,373,1428,73.9,6.0,69.4,1055,831,48,642,1521,57.8,5.5,54.6,879,1822,112,1015,2948,65.6,5.8,61.8,1934
"2001Q1",991,58,378,1427,73.5,5.5,69.4,1049,833,47,645,1525,57.7,5.4,54.6,880,1824,106,1023,2953,65.4,5.5,61.8,1930
"2001Q2",995,59,377,1432,73.6,5.6,69.5,1054,846,46,635,1526,58.4,5.2,55.4,892,1841,105,1012,2958,65.8,5.4,62.2,1946
"2001Q3",1006,56,375,1437,73.9,5.2,70.0,1061,839,50,643,1532,58.0,5.6,54.8,889,1845,105,1018,2969,65.7,5.4,62.2,1950
"2001Q4",1012,60,372,1444,74.2,5.6,70.0,1072,857,50,633,1539,58.9,5.5,55.7,906,1868,110,1005,2983,66.3,5.6,62.6,1978
"2002Q1",1030,57,363,1450,75.0,5.2,71.1,1087,862,49,636,1548,58.9,5.4,55.7,911,1893,106,999,2998,66.7,5.3,63.1,1999
"2002Q2",1034,55,371,1460,74.6,5.0,70.8,1089,870,51,634,1555,59.3,5.6,56.0,922,1905,106,1005,3015,66.7,5.3,63.2,2010
"2002Q3",1034,59,374,1468,74.5,5.4,70.5,1093,869,52,643,1564,58.9,5.7,55.6,921,1903,112,1017,3031,66.5,5.5,62.8,2015
"2002Q4",1040,54,383,1477,74.1,4.9,70.4,1094,878,48,646,1572,58.9,5.2,55.8,926,1918,102,1029,3049,66.2,5.1,62.9,2020
"2003Q1",1045,52,389,1485,73.8,4.7,70.4,1097,881,49,652,1582,58.8,5.2,55.7,930,1926,101,1040,3067,66.1,5.0,62.8,2027
"2003Q2",1052,50,393,1494,73.7,4.5,70.4,1101,891,49,652,1591,59.1,5.2,56.0,940,1942,98,1045,3086,66.1,4.8,63.0,2041
"2003Q3",1063,46,393,1502,73.8,4.2,70.7,1109,908,46,645,1599,59.7,4.9,56.8,954,1971,93,1038,3101,66.5,4.5,63.5,2063
"2003Q4",1064,48,398,1510,73.6,4.4,70.4,1112,909,49,648,1607,59.7,5.2,56.6,959,1973,98,1046,3117,66.4,4.7,63.3,2071
"2004Q1",1077,41,398,1517,73.7,3.7,71.0,1118,914,47,654,1614,59.5,4.9,56.6,961,1991,89,1052,3131,66.4,4.3,63.6,2079
"2004Q2",1094,41,387,1522,74.6,3.6,71.9,1135,912,46,665,1622,59.0,4.8,56.2,958,2006,87,1052,3144,66.6,4.2,63.8,2093
"2004Q3",1098,40,389,1527,74.5,3.5,71.9,1138,932,42,654,1628,59.9,4.3,57.3,974,2030,82,1043,3155,66.9,3.9,64.4,2112
"2004Q4",1112,39,382,1534,75.1,3.4,72.5,1151,951,41,642,1634,60.7,4.2,58.2,993,2064,80,1024,3168,67.7,3.7,65.1,2144
"2005Q1",1111,43,385,1540,75.0,3.7,72.2,1154,950,40,651,1642,60.3,4.1,57.9,990,2061,83,1037,3182,67.4,3.9,64.8,2145
"2005Q2",1112,43,389,1545,74.8,3.8,72.0,1155,959,39,650,1649,60.5,3.9,58.2,998,2071,83,1040,3193,67.4,3.8,64.8,2153
"2005Q3",1126,39,385,1550,75.2,3.4,72.7,1166,971,43,639,1654,61.4,4.3,58.7,1015,2098,83,1023,3204,68.1,3.8,65.5,2180
"2005Q4",1131,37,387,1556,75.1,3.2,72.7,1169,968,44,649,1661,60.9,4.4,58.3,1012,2099,82,1036,3216,67.8,3.7,65.3,2181
"2006Q1",1137,44,382,1563,75.6,3.8,72.8,1182,983,45,640,1668,61.6,4.4,58.9,1028,2120,90,1022,3231,68.4,4.1,65.6,2210
"2006Q2",1146,39,385,1571,75.5,3.3,73.0,1186,994,42,642,1678,61.7,4.1,59.2,1036,2140,82,1027,3249,68.4,3.7,65.9,2222
"2006Q3",1148,43,386,1576,75.5,3.6,72.8,1190,986,43,654,1682,61.1,4.2,58.6,1029,2133,86,1039,3258,68.1,3.9,65.5,2219
"2006Q4",1151,42,386,1579,75.5,3.5,72.9,1192,982,42,664,1688,60.7,4.1,58.2,1024,2133,84,1050,3267,67.8,3.8,65.3,2217
"2007Q1",1157,43,386,1586,75.7,3.6,72.9,1200,1002,43,648,1693,61.7,4.2,59.2,1045,2158,87,1034,3279,68.5,3.9,65.8,2245
"2007Q2",1159,39,389,1588,75.5,3.3,73.0,1198,1010,42,646,1698,61.9,4.0,59.5,1052,2169,81,1036,3286,68.5,3.6,66.0,2250
"2007Q3",1166,39,387,1593,75.7,3.2,73.2,1205,999,41,661,1701,61.2,3.9,58.7,1040,2165,80,1048,3293,68.2,3.6,65.7,2245
"2007Q4",1160,40,394,1594,75.3,3.3,72.8,1200,1019,36,650,1705,61.9,3.4,59.8,1055,2179,76,1044,3298,68.4,3.4,66.1,2255
"2008Q1",1161,43,395,1599,75.3,3.6,72.6,1204,1021,43,651,1715,62.0,4.0,59.5,1064,2182,86,1046,3314,68.4,3.8,65.8,2268
"2008Q2",1158,46,397,1602,75.2,3.8,72.3,1204,1022,41,652,1714,62.0,3.8,59.6,1062,2180,87,1050,3316,68.3,3.8,65.7,2266
"2008Q3",1154,49,403,1606,74.9,4.1,71.8,1203,1027,43,648,1718,62.3,4.0,59.8,1070,2181,92,1051,3323,68.4,4.1,65.6,2273
"2008Q4",1163,52,393,1608,75.6,4.3,72.4,1215,1031,50,641,1721,62.8,4.6,59.9,1080,2194,101,1034,3329,68.9,4.4,65.9,2296
"2009Q1",1139,62,412,1612,74.5,5.1,70.6,1200,1015,52,660,1727,61.8,4.9,58.8,1067,2154,113,1072,3339,67.9,5.0,64.5,2267
"2009Q2",1146,68,405,1619,75.0,5.6,70.8,1214,1009,64,659,1732,62.0,6.0,58.3,1073,2155,132,1064,3351,68.3,5.8,64.3,2287
"2009Q3",1124,76,424,1624,73.9,6.3,69.2,1200,1011,65,662,1738,61.9,6.0,58.2,1076,2135,141,1085,3361,67.7,6.2,63.5,2276
"2009Q4",1129,80,421,1629,74.2,6.6,69.3,1209,1007,70,666,1744,61.8,6.5,57.8,1078,2137,150,1087,3373,67.8,6.6,63.3,2287
"2010Q1",1136,68,428,1632,73.8,5.6,69.6,1204,1008,68,673,1748,61.5,6.3,57.6,1076,2144,135,1101,3380,67.4,5.9,63.4,2279
"2010Q2",1137,82,421,1639,74.3,6.7,69.3,1218,1011,70,673,1754,61.7,6.5,57.7,1082,2148,152,1094,3393,67.8,6.6,63.3,2300
"2010Q3",1153,68,420,1641,74.4,5.6,70.3,1221,1013,72,673,1758,61.7,6.6,57.6,1085,2166,140,1094,3399,67.8,6.1,63.7,2306
"2010Q4",1144,73,430,1647,73.9,6.0,69.4,1217,1014,71,679,1764,61.5,6.5,57.5,1085,2158,144,1109,3411,67.5,6.2,63.3,2302
"2011Q1",1151,70,426,1647,74.1,5.7,69.9,1221,1026,70,671,1766,62.0,6.4,58.1,1096,2177,140,1096,3413,67.9,6.0,63.8,2317
"2011Q2",1153,74,428,1654,74.1,6.0,69.7,1226,1033,67,670,1770,62.1,6.1,58.4,1100,2186,141,1098,3425,67.9,6.1,63.8,2327
"2011Q3",1159,69,425,1654,74.3,5.6,70.1,1229,1029,69,674,1772,62.0,6.3,58.0,1098,2188,139,1100,3427,67.9,6.0,63.9,2327
"2011Q4",1155,75,429,1659,74.1,6.1,69.6,1230,1033,66,678,1777,61.9,6.0,58.1,1100,2189,141,1107,3437,67.8,6.1,63.7,2330
"2012Q1",1157,75,425,1658,74.3,6.1,69.8,1232,1034,74,672,1779,62.3,6.7,58.1,1108,2191,149,1097,3437,68.1,6.4,63.7,2340
"2012Q2",1152,76,437,1665,73.7,6.2,69.2,1228,1042,74,667,1783,62.6,6.7,58.4,1116,2194,150,1104,3448,68.0,6.4,63.6,2344
"2012Q3",1144,81,441,1665,73.5,6.6,68.7,1224,1040,77,668,1785,62.6,6.9,58.3,1117,2184,158,1109,3450,67.9,6.7,63.3,2342
"2012Q4",1148,73,449,1670,73.1,6.0,68.7,1222,1041,75,674,1790,62.3,6.7,58.1,1116,2189,148,1123,3460,67.5,6.3,63.3,2337
"2013Q1",1152,63,458,1673,72.6,5.2,68.9,1215,1042,72,680,1794,62.1,6.5,58.1,1114,2193,136,1137,3466,67.2,5.8,63.3,2329
"2013Q2",1159,68,451,1678,73.1,5.5,69.1,1227,1046,73,680,1799,62.2,6.5,58.1,1119,2205,141,1132,3477,67.5,6.0,63.4,2346
"2013Q3",1178,68,440,1686,73.9,5.5,69.9,1246,1060,71,673,1804,62.7,6.2,58.8,1131,2239,139,1113,3490,68.1,5.8,64.1,2377
"2013Q4",1193,63,439,1695,74.1,5.0,70.4,1256,1065,73,673,1811,62.8,6.4,58.8,1138,2258,136,1112,3506,68.3,5.7,64.4,2394
"2014Q1",1203,65,437,1705,74.4,5.1,70.6,1268,1078,71,669,1818,63.2,6.1,59.3,1149,2281,136,1106,3523,68.6,5.6,64.8,2417
"2014Q2",1215,59,441,1715,74.3,4.6,70.8,1273,1076,69,682,1826,62.7,6.0,58.9,1144,2290,127,1123,3541,68.3,5.3,64.7,2418
"2014Q3",1222,59,450,1731,74.0,4.6,70.6,1281,1093,71,670,1834,63.4,6.1,59.6,1164,2315,130,1120,3565,68.6,5.3,64.9,2445
"2014Q4",1237,63,441,1741,74.7,4.8,71.0,1299,1110,74,659,1843,64.2,6.3,60.2,1184,2346,137,1100,3584,69.3,5.5,65.5,2484
"2015Q1",1250,68,437,1755,75.1,5.2,71.2,1317,1115,70,668,1852,63.9,5.9,60.2,1184,2364,138,1105,3607,69.4,5.5,65.5,2502
"2015Q2",1255,63,446,1765,74.7,4.8,71.1,1318,1111,75,675,1862,63.7,6.3,59.7,1187,2366,138,1122,3626,69.1,5.5,65.3,2505
"2015Q3",1249,69,464,1782,74.0,5.2,70.1,1319,1107,72,692,1872,63.0,6.1,59.2,1179,2357,141,1156,3654,68.4,5.7,64.5,2498
"2015Q4",1265,62,467,1794,74.0,4.7,70.5,1327,1122,63,697,1881,63.0,5.3,59.6,1185,2387,125,1163,3675,68.3,5.0,64.9,2512
"2016Q1",1279,67,462,1808,74.5,5.0,70.7,1346,1139,67,687,1892,63.7,5.6,60.2,1206,2418,134,1148,3700,69.0,5.3,65.3,2552
"2016Q2",1313,65,448,1826,75.5,4.7,71.9,1378,1166,68,671,1905,64.8,5.5,61.2,1234,2480,133,1118,3731,70.0,5.1,66.5,2612
"2016Q3",1333,66,443,1842,76.0,4.7,72.4,1399,1171,65,679,1915,64.5,5.3,61.1,1236,2504,131,1122,3757,70.1,5.0,66.6,2635
"2016Q4",1343,68,441,1852,76.2,4.8,72.5,1411,1186,73,665,1924,65.4,5.8,61.7,1259,2530,141,1106,3776,70.7,5.3,67.0,2671
"2017Q1",1365,61,438,1864,76.5,4.3,73.2,1426,1195,71,668,1933,65.5,5.6,61.8,1266,2560,132,1106,3798,70.9,4.9,67.4,2692
"2017Q2",1362,68,444,1874,76.3,4.8,72.7,1430,1196,62,686,1945,64.7,5.0,61.5,1259,2558,131,1130,3819,70.4,4.9,67.0,2689
"2017Q3",1387,60,441,1888,76.6,4.1,73.5,1446,1219,69,665,1953,65.9,5.4,62.4,1288,2606,129,1106,3841,71.2,4.7,67.8,2734
"2017Q4",1395,58,444,1897,76.6,4.0,73.5,1452,1228,65,667,1960,66.0,5.0,62.6,1293,2622,123,1112,3857,71.2,4.5,68.0,2745
"2018Q1",1399,58,451,1907,76.4,3.9,73.4,1457,1236,63,670,1968,66.0,4.8,62.8,1299,2635,120,1121,3876,71.1,4.4,68.0,2755
"2018Q2",1405,64,451,1920,76.5,4.4,73.2,1469,1248,64,672,1984,66.1,4.9,62.9,1312,2653,128,1124,3905,71.2,4.6,67.9,2781
"2018Q3",1413,59,458,1931,76.3,4.0,73.2,1472,1262,52,676,1990,66.0,4.0,63.4,1314,2675,111,1135,3921,71.1,4.0,68.2,2786
"2018Q4",1415,66,467,1947,76.0,4.4,72.7,1481,1263,56,681,2000,65.9,4.2,63.2,1319,2678,121,1148,3947,70.9,4.3,67.8,2799
"2019Q1",1411,56,478,1945,75.4,3.8,72.5,1467,1260,60,684,2004,65.8,4.5,62.9,1319,2670,116,1162,3949,70.6,4.2,67.6,2787
"2019Q2",1416,55,481,1952,75.4,3.7,72.6,1471,1270,58,684,2013,66.0,4.4,63.1,1329,2686,113,1165,3964,70.6,4.1,67.8,2799
"2019Q3",1424,57,481,1963,75.5,3.8,72.6,1481,1271,59,689,2019,65.9,4.4,63.0,1330,2696,116,1170,3981,70.6,4.1,67.7,2811
"2019Q4",1433,58,485,1976,75.4,3.9,72.5,1490,1272,58,700,2030,65.5,4.3,62.6,1330,2704,115,1186,4006,70.4,4.1,67.5,2820
"2020Q1",1449,61,480,1990,75.9,4.0,72.8,1510,1284,60,702,2046,65.7,4.4,62.8,1344,2733,121,1182,4036,70.7,4.2,67.7,2854
"2020Q2",1447,55,497,1999,75.1,3.6,72.4,1502,1276,61,719,2057,65.0,4.6,62.1,1337,2723,116,1216,4056,70.0,4.1,67.2,2839
"2020Q3",1439,73,493,2005,75.4,4.8,71.8,1511,1261,75,723,2059,64.9,5.6,61.2,1336,2700,148,1216,4063,70.1,5.2,66.4,2848
"2020Q4",1444,68,493,2006,75.4,4.5,72.0,1512,1270,73,719,2062,65.1,5.4,61.6,1343,2714,141,1212,4067,70.2,4.9,66.7,2855
"2021Q1",1447,70,489,2006,75.6,4.6,72.1,1517,1285,63,714,2062,65.4,4.7,62.3,1348,2732,133,1203,4068,70.4,4.6,67.2,2865
"2021Q2",1458,57,490,2005,75.6,3.8,72.7,1515,1298,57,707,2063,65.7,4.2,62.9,1356,2756,115,1197,4068,70.6,4.0,67.8,2871
"2021Q3",1468,50,489,2008,75.6,3.3,73.1,1519,1331,45,686,2062,66.7,3.3,64.6,1377,2800,96,1175,4070,71.1,3.3,68.8,2895
"2021Q4",1471,46,491,2008,75.5,3.1,73.2,1517,1328,46,689,2063,66.6,3.4,64.4,1374,2799,93,1180,4071,71.0,3.2,68.7,2891
"2022Q1",1471,48,489,2008,75.7,3.2,73.3,1519,1324,46,694,2064,66.4,3.4,64.2,1371,2795,94,1183,4072,71.0,3.3,68.6,2890
"2022Q2",1463,47,495,2005,75.3,3.1,73.0,1510,1323,49,690,2063,66.6,3.6,64.2,1373,2786,96,1185,4067,70.9,3.3,68.5,2883
"2022Q3",1485,44,483,2012,76.0,2.9,73.8,1529,1342,52,671,2066,67.5,3.7,65.0,1395,2828,96,1154,4078,71.7,3.3,69.3,2923
"2022Q4",1496,51,474,2021,76.5,3.3,74.0,1547,1346,49,680,2075,67.2,3.5,64.8,1395,2842,100,1154,4096,71.8,3.4,69.4,2942
"2023Q1",1512,51,478,2040,76.6,3.3,74.1,1563,1366,52,674,2091,67.8,3.7,65.3,1417,2877,103,1151,4131,72.1,3.5,69.6,2980
"2023Q2",1530,54,476,2059,76.9,3.4,74.3,1584,1375,56,675,2107,68.0,3.9,65.3,1432,2905,110,1151,4166,72.4,3.7,69.7,3016
"2023Q3",1537,60,484,2081,76.7,3.7,73.9,1597,1370,60,693,2123,67.4,4.2,64.5,1430,2907,119,1177,4204,72.0,3.9,69.2,3027
"2023Q4",1541,61,493,2095,76.5,3.8,73.6,1602,1376,62,699,2137,67.3,4.3,64.4,1438,2917,123,1191,4232,71.8,4.0,68.9,3040
"2024Q1",1531,65,509,2104,75.8,4.1,72.7,1596,1374,70,703,2147,67.2,4.8,64.0,1443,2905,135,1212,4251,71.5,4.4,68.3,3039
"2024Q2",1528,74,507,2108,75.9,4.6,72.5,1601,1381,69,704,2154,67.3,4.7,64.1,1450,2909,142,1211,4262,71.6,4.7,68.3,3051
"2024Q3",1517,75,522,2114,75.3,4.7,71.7,1592,1374,73,712,2160,67.0,5.1,63.6,1448,2891,148,1234,4274,71.1,4.9,67.6,3039
"2024Q4",1511,79,528,2117,75.1,5.0,71.4,1590,1369,76,721,2167,66.7,5.3,63.2,1445,2880,155,1249,4284,70.8,5.1,67.2,3035
"2025Q1",1512,78,530,2119,75.0,4.9,71.3,1590,1366,78,726,2171,66.5,5.4,62.9,1445,2878,156,1256,4290,70.7,5.2,67.1,3034
"2025Q2",1503,79,539,2121,74.6,5.0,70.9,1582,1368,79,731,2178,66.4,5.5,62.8,1447,2872,158,1270,4299,70.5,5.2,66.8,3029
"2025Q3",1501,83,543,2127,74.5,5.2,70.6,1584,1369,78,737,2185,66.2,5.4,62.7,1447,2871,160,1281,4312,70.3,5.3,66.6,3031
"2025Q4",1501,84,548,2133,74.3,5.3,70.4,1585,1385,81,726,2193,66.9,5.5,63.2,1467,2886,165,1275,4326,70.5,5.4,66.7,3051
"2026Q1",1504,86,548,2138,74.4,5.4,70.4,1590,1387,78,734,2200,66.6,5.3,63.1,1465,2892,164,1283,4338,70.4,5.4,66.7,3055
"2026Q2",1511,91,543,2144,74.7,5.7,70.5,1602,1394,81,735,2209,66.7,5.5,63.1,1475,2905,171,1277,4353,70.7,5.6,66.7,3076
"Table information:"
"Units:"
"Persons Employed in Labour Force: Number, Magnitude = Thousands"
"Persons Unemployed in Labour Force: Number, Magnitude = Thousands"
"Not in Labour Force: Number, Magnitude = Thousands"
"Working Age Population: Number, Magnitude = Thousands"
"Labour Force Participation Rate: Percent, Magnitude = Units"
"Unemployment Rate: Percent, Magnitude = Units"
"Employment Rate: Percent, Magnitude = Units"
"Total Labour Force: Number, Magnitude = Thousands"
""
"Footnotes:"
"All previously published figures are subject to revision when the seasonal adjustment program is run each quarter."
"Labour force participation rate is the total labour force expressed as a percentage of the working-age population."
" "
"Symbols:"
".. figure not available"
"C: Confidential"
"E: Early Estimate"
"P: Provisional"
"R: Revised"
"S: Suppressed"
""
"Status flags are not displayed"
""
"Table reference: "
"HLF097AA"
""
"Last updated:"
"Persons Employed in Labour Force: 05 August 2026 10:45am"
"Persons Unemployed in Labour Force: 05 August 2026 10:45am"
"Not in Labour Force: 05 August 2026 10:45am"
"Working Age Population: 05 August 2026 10:45am"
"Labour Force Participation Rate: 05 August 2026 10:45am"
"Unemployment Rate: 05 August 2026 10:45am"
"Employment Rate: 05 August 2026 10:45am"
"Total Labour Force: 05 August 2026 10:45am"
""
"Source: Statistics New Zealand"
"Contact: Information Centre"
"Telephone: 0508 525 525"
"Email:info@stats.govt.nz"
""
""
""
